183dc1b67dbce515fa91;183dc1b67dbce515fa91;183dc1b67dbce515fa91;183dc1b67dbce515fa91;183dc1b67dbce515fa91;183dc1b67dbce515fa91;1
8a0e1261d397e78a77e2;8a0e1261d397e78a77e2;8a0e1261d397e78a77e2;8a0e1261d397e78a77e2;8a0e1261d397e78a77e2;8a0e1261d397e78a77e2;2
11771b7f0722eb239394;11771b7f0722eb239394;11771b7f0722eb239394;11771b7f0722eb239394;11771b7f0722eb239394;11771b7f0722eb239394;3
85274de25578337ddbc0;85274de25578337ddbc0;85274de25578337ddbc0;85274de25578337ddbc0;85274de25578337ddbc0;85274de25578337ddbc0;4
8e3cf236f3db49fb5a72;8e3cf236f3db49fb5a72;8e3cf236f3db49fb5a72;8e3cf236f3db49fb5a72;8e3cf236f3db49fb5a72;8e3cf236f3db49fb5a72;5
73ab0038b9b1429e7148;73ab0038b9b1429e7148;73ab0038b9b1429e7148;73ab0038b9b1429e7148;73ab0038b9b1429e7148;73ab0038b9b1429e7148;6
6b3b10b1501227cf2444;6b3b10b1501227cf2444;6b3b10b1501227cf2444;6b3b10b1501227cf2444;6b3b10b1501227cf2444;6b3b10b1501227cf2444;7
1512ed89b2862d458a54;1512ed89b2862d458a54;1512ed89b2862d458a54;1512ed89b2862d458a54;1512ed89b2862d458a54;1512ed89b2862d458a54;8
ASD5219s3f46e1acd4c08f88;52193f46e1acd4c08f88;52193f46e1acd4c08f88;52193f46e1acd4c08f88;52193f46e1acd4c08f88;52193f46e1acd4c08f88;9
e7c42442998390e62697;e7c42442998390e62697;e7c42442998390e62697;e7c42442998390e62697;e7c42442998390e62697;e7c42442998390e62697;10
